epoch,pred_loss_epoch,step,struct_loss_epoch,train_loss_epoch
0,0.2346278727054596,0,0.14381824433803558,0.24900969862937927
1,0.2230086773633957,1,0.14204250276088715,0.2372129261493683
