epoch,pred_loss_epoch,step,struct_loss_epoch,train_loss_epoch
0,0.3570220172405243,0,0.07605244964361191,0.36462727189064026
1,0.3246540427207947,1,0.07618282735347748,0.33227232098579407
