epoch,pred_loss_epoch,step,struct_loss_epoch,train_loss_epoch
0,547329.125,0,0.13964977860450745,547329.125
1,457264.40625,1,0.13965857028961182,457264.40625
