;resistance_index;inlet_index;outlet_index;resistance
0;1;1;4;45845.99955848289
1;2;1;10;66040.44303083698
2;3;9;10;24960.941247446193
3;4;6;9;13671.67057778742
4;5;6;7;15786.685376714906
5;6;7;8;14976.564748467712
6;7;8;9;9984.376498978478
7;8;3;5;17650.050820868204
8;9;5;6;29534.183976230746
9;10;5;11;28459.851797681567
10;11;4;5;43233.61844531847
11;12;2;4;22713.652930449953
12;13;11;12;13671.67057778742
13;14;11;13;12727.632649837115
