epoch,pred_loss_epoch,step,struct_loss_epoch,train_loss_epoch
0,2.7751599268031365e+18,0,0.14143997430801392,2.7751599268031365e+18
1,1.8427880852223427e+18,1,0.14148253202438354,1.8427880852223427e+18
