epoch,pred_loss_epoch,step,struct_loss_epoch,train_loss_epoch
0,0.33806464076042175,0,0.04631727561354637,0.3426963686943054
1,0.30489736795425415,1,0.0463477224111557,0.30953213572502136
