epoch,pred_loss_epoch,step,struct_loss_epoch,train_loss_epoch
0,2.07121888266955e+19,0,0.06523065268993378,2.07121888266955e+19
1,3.4660108452033987e+18,1,0.06527633219957352,3.4660108452033987e+18
